pdb code           ,chain              ,residue number     ,CAL-COL-NL-CA      ,occupancy          ,COL-NL-CA-CO       ,occupancy          ,NL-CA-CO-NR        ,occupancy          ,NL-CA-CB-CG        ,occupancy          ,CA-CB-CG-CD        ,occupancy          ,CB-CG-CD-OE1       ,occupancy          ,CA-CO-NR-CAR       ,occupancy          
                   ,                   ,                   ,omega-             ,                   ,phi                ,                   ,psi                ,                   ,chi1               ,                   ,chi2               ,                   ,chi3               ,                   ,omega+             ,                   
1A7F.pdb           ,A                  ,4                  ,179.668714444355   ,1                  ,-61.4897175951753  ,1                  ,-18.30278560661    ,1                  ,-147.976205786515  ,1                  ,-91.9964173487332  ,1                  ,-48.3248043081669  ,1                  ,-179.822593179643  ,1                  
1A7F.pdb           ,A                  ,17                 ,179.904799262414   ,1                  ,-59.3839254014012  ,1                  ,-18.7980676007149  ,1                  ,-147.981458687632  ,1                  ,-90.2339990550864  ,1                  ,-62.8851543971365  ,1                  ,-179.896093030948  ,1                  
1A7F.pdb           ,B                  ,13                 ,179.847774235497   ,1                  ,-60.549302806712   ,1                  ,-29.8866376225833  ,1                  ,-161.717803030382  ,1                  ,-164.425568064651  ,1                  ,84.2042114327326   ,1                  ,179.905487609711   ,1                  
1A7F.pdb           ,B                  ,16                 ,179.295865793022   ,1                  ,-63.4694482860217  ,1                  ,-37.8450622531099  ,1                  ,-148.627058701904  ,1                  ,-151.246570942732  ,1                  ,-81.7931198620439  ,1                  ,179.490275894347   ,1                  
1A7F.pdb           ,B                  ,21                 ,-179.882954119822  ,1                  ,-87.326197509177   ,1                  ,145.145365373972   ,1                  ,-84.891669212041   ,1                  ,177.447337339107   ,1                  ,-80.6156311875399  ,1                  ,179.778438731046   ,1                  
1BEN.pdb           ,A                  ,4                  ,179.064658739841   ,1.00               ,-59.2600997990626  ,1.00               ,-44.8961539823427  ,1.00               ,-56.9034162905721  ,1.00               ,71.7823347669216   ,1.00               ,32.219118301546    ,1.00               ,-177.83499545316   ,1.00               
1BEN.pdb           ,A                  ,17                 ,177.720964919154   ,1.00               ,-66.1970235807437  ,1.00               ,-15.8660405997801  ,1.00               ,-68.9531267082946  ,1.00               ,-178.534642873439  ,1.00               ,-22.1148984644009  ,1.00               ,175.851784323061   ,1.00               
1BEN.pdb           ,B                  ,13                 ,176.509840081897   ,1.00               ,-66.3419079239976  ,1.00               ,-37.7599752854573  ,1.00               ,-65.7320323445973  ,1.00               ,-73.0304353140837  ,1.00               ,-17.5243401756007  ,1.00               ,176.238826624425   ,1.00               
1BEN.pdb           ,B                  ,21                 ,-174.768856526191  ,1.00               ,-64.0463235819002  ,1.00               ,-20.1807827562512  ,1.00               ,-77.1254555597267  ,1.00               ,167.830740911848   ,1.00               ,74.7399184110092   ,1.00               ,178.499893481731   ,1.00               
1BEN.pdb           ,C                  ,4                  ,178.152172092311   ,1.00               ,-65.4504752452593  ,1.00               ,-39.7250609974001  ,1.00               ,-69.821939222534   ,1.00               ,74.2491308121401   ,1.00               ,30.7853865998074   ,1.00               ,-177.411566896663  ,1.00               
1BEN.pdb           ,C                  ,17                 ,-179.565763377484  ,1.00               ,-58.9826308709019  ,1.00               ,-23.9015233385157  ,1.00               ,-73.3890509457676  ,1.00               ,-165.572053374775  ,1.00               ,-36.3964394000635  ,1.00               ,179.522129107822   ,1.00               
1BEN.pdb           ,D                  ,13                 ,175.624715149081   ,1.00               ,-72.3582704336335  ,1.00               ,-34.7134981519699  ,1.00               ,-70.6164657975077  ,1.00               ,-146.517341649383  ,1.00               ,66.2393168323291   ,1.00               ,175.826373518782   ,1.00               
1BEN.pdb           ,D                  ,21                 ,-177.705883985086  ,1.00               ,-62.919242153753   ,1.00               ,-18.5383055427403  ,1.00               ,-47.048805590694   ,1.00               ,58.0323949006478   ,0.67               ,39.7614164462433   ,0.67               ,179.231320086567   ,0.67               
1B2F.pdb           ,A                  ,4                  ,179.321268910415   ,1.00               ,-66.1715309627515  ,1.00               ,-38.5913621389968  ,1.00               ,-74.6574648652641  ,1.00               ,71.839595911177    ,1.00               ,26.7564473363706   ,1.00               ,-179.022265356028  ,1.00               
1B2F.pdb           ,A                  ,17                 ,-179.918842383291  ,1.00               ,-63.7114083845476  ,1.00               ,-18.8833953719384  ,1.00               ,-74.7856674171516  ,1.00               ,-158.647585615486  ,1.00               ,-39.6703845622324  ,1.00               ,177.661217126707   ,1.00               
1B2F.pdb           ,B                  ,13A                ,179.079469840226   ,0.38               ,-68.1412472459643  ,0.38               ,-38.9917271658711  ,0.38               ,-69.4058632650138  ,0.38               ,-165.330639617448  ,0.38               ,-52.0661806502786  ,0.38               ,179.002687041596   ,0.38               
1B2F.pdb           ,B                  ,13B                ,179.079469840226   ,0.62               ,-68.1412472459643  ,0.62               ,-38.9917271658711  ,0.62               ,171.345793744519   ,0.62               ,174.650645249335   ,0.62               ,-70.0226737593479  ,0.62               ,-70.0226737593479  ,0.62               
1B2F.pdb           ,B                  ,21                 ,-179.020586514553  ,1.00               ,-68.3172512386888  ,1.00               ,-10.6979612058029  ,1.00               ,-63.9532890031798  ,1.00               ,-61.6814788132622  ,1.00               ,69.8066368080078   ,1.00               ,177.717668002115   ,1.00               
1SDB.pdb           ,A                  ,4                  ,177.910473083618   ,1                  ,-60.2224526334843  ,1                  ,-41.0537917293053  ,1                  ,-58.5328549279721  ,1                  ,79.5097142408099   ,1                  ,-4.32414531988735  ,1                  ,-175.395398436761  ,1                  
1SDB.pdb           ,A                  ,17                 ,-179.971688864354  ,1                  ,-66.2463502737959  ,1                  ,-15.7479879105853  ,1                  ,-175.095488358724  ,1                  ,-173.784638055154  ,1                  ,19.1769117792749   ,1                  ,172.682922614599   ,1                  
1SDB.pdb           ,B                  ,13                 ,178.196522722514   ,1                  ,-63.5801491362905  ,1                  ,-39.0634160365021  ,1                  ,-155.276971009018  ,1                  ,39.3680768108022   ,1                  ,32.0102893585219   ,1                  ,-178.753107279769  ,1                  
1SDB.pdb           ,B                  ,21                 ,-178.519477845721  ,1                  ,-61.2351685977282  ,1                  ,-20.4959474332323  ,1                  ,-22.1522939023729  ,1                  ,172.400316991314   ,1                  ,-0.0370471495607771,1                  ,177.281333291549   ,1                  
1B2G.pdb           ,A                  ,4                  ,179.283931857871   ,1.00               ,-64.7353273833721  ,1.00               ,-36.2650955609931  ,1.00               ,-68.6342739342548  ,1.00               ,69.8686780784731   ,1.00               ,29.9868313851881   ,1.00               ,-178.855658261819  ,1.00               
1B2G.pdb           ,A                  ,17                 ,-179.470013596727  ,1.00               ,-64.7910310872193  ,1.00               ,-19.3048947466547  ,1.00               ,-74.8321174015087  ,1.00               ,-165.604044224946  ,1.00               ,-29.4089330092377  ,1.00               ,177.286892962608   ,1.00               
1B2G.pdb           ,B                  ,13                 ,178.144439751269   ,1.00               ,-63.7535274447371  ,1.00               ,-45.1307393268324  ,1.00               ,170.144152404857   ,1.00               ,168.658616818358   ,1.00               ,-72.7775487500018  ,1.00               ,179.601419420818   ,1.00               
1B2G.pdb           ,B                  ,21                 ,-179.631148513878  ,1.00               ,-64.8908971247902  ,1.00               ,-13.5556985214192  ,1.00               ,-59.8873087120429  ,1.00               ,-54.0826654815031  ,1.00               ,-24.1682512950106  ,1.00               ,178.217265995315   ,1.00               
1T1K.pdb           ,A                  ,4                  ,-179.40783482818   ,1                  ,-105.329582814089  ,1                  ,-38.9628342568513  ,1                  ,171.804786679029   ,1                  ,-172.403112333216  ,1                  ,49.170411545552    ,1                  ,-179.220744804831  ,1                  
1T1K.pdb           ,A                  ,17                 ,-179.845830973713  ,1                  ,-51.1134776755589  ,1                  ,-17.8550088594002  ,1                  ,-136.005763816664  ,1                  ,144.069864831627   ,1                  ,27.1594615678934   ,1                  ,-179.499459488269  ,1                  
1T1K.pdb           ,B                  ,13                 ,179.851927001716   ,1                  ,-55.24027438381    ,1                  ,-36.4327989015326  ,1                  ,-176.263685153778  ,1                  ,166.342875538758   ,1                  ,-28.3988913293833  ,1                  ,179.467258924376   ,1                  
1T1K.pdb           ,B                  ,21                 ,179.911328368978   ,1                  ,-97.9915081965523  ,1                  ,-6.31962278169468  ,1                  ,10.5132210951124   ,1                  ,73.7594303823531   ,1                  ,80.9640356593583   ,1                  ,179.829013012664   ,1                  
1B9E.pdb           ,A                  ,4                  ,-179.488146247877  ,1                  ,-70.9176683678155  ,1                  ,-46.6981080925457  ,1                  ,-68.5385887441849  ,1                  ,86.3294110543196   ,1                  ,-23.0260671914745  ,1                  ,-177.340019988608  ,1                  
1B9E.pdb           ,A                  ,17                 ,-178.576949132555  ,1                  ,-62.3897824767193  ,1                  ,-23.9848013855687  ,1                  ,-63.1936085381362  ,1                  ,-169.253686935674  ,1                  ,-32.3534718074085  ,1                  ,179.573791442728   ,1                  
1B9E.pdb           ,B                  ,9                  ,-178.875532220317  ,1                  ,-57.4324508516657  ,1                  ,-35.4488284093094  ,1                  ,-113.822271376485  ,1                  ,-117.015203708824  ,1                  ,45.5854297691384   ,1                  ,-179.885715721805  ,1                  
1B9E.pdb           ,B                  ,13                 ,178.740692362806   ,1                  ,-71.118106721765   ,1                  ,-38.0174824012558  ,1                  ,-78.8285499275882  ,1                  ,156.306430413348   ,1                  ,-4.99845538672489  ,1                  ,178.395498384609   ,1                  
1B9E.pdb           ,B                  ,21                 ,-179.313091112008  ,1                  ,-67.0217840150566  ,1                  ,-15.9586576582751  ,1                  ,49.5076187894991   ,1                  ,121.657605355101   ,1                  ,24.4700856922007   ,1                  ,-179.885748744918  ,1                  
1B9E.pdb           ,C                  ,4                  ,179.407727272948   ,1                  ,-70.129197554197   ,1                  ,-36.573807715524   ,1                  ,83.4755701157201   ,1                  ,85.0992274087893   ,1                  ,29.4812116284207   ,1                  ,-179.983680398782  ,1                  
1B9E.pdb           ,C                  ,17                 ,178.937091223271   ,1                  ,-63.2337532436766  ,1                  ,-21.285081547074   ,1                  ,-97.4147684832316  ,1                  ,156.808475386962   ,1                  ,23.0183908473508   ,1                  ,178.771092813908   ,1                  
1B9E.pdb           ,D                  ,9                  ,-179.714320107682  ,1                  ,-50.0719652307802  ,1                  ,-34.046053359383   ,1                  ,-111.502052734637  ,1                  ,-118.458841793185  ,1                  ,33.9984124937262   ,1                  ,-178.299488869098  ,1                  
1B9E.pdb           ,D                  ,13                 ,178.428296521081   ,1                  ,-70.5165149719125  ,1                  ,-40.9945247879872  ,1                  ,-79.2125402790567  ,1                  ,151.795314783051   ,1                  ,0.663076741662671  ,1                  ,179.504313154329   ,1                  
1B9E.pdb           ,D                  ,21                 ,-178.460782792986  ,1                  ,-68.3332974899093  ,1                  ,-10.3258864814953  ,1                  ,52.3221012335613   ,1                  ,120.16807887954    ,1                  ,17.1118238591768   ,1                  ,178.612265489445   ,1                  
1TRZ.pdb           ,A                  ,4                  ,179.203551950012   ,1.00               ,-59.5367867709566  ,1.00               ,-47.3446289148341  ,1.00               ,-42.7720692780157  ,1.00               ,61.8611415127278   ,1.00               ,51.4334860619845   ,1.00               ,-179.154059356632  ,1.00               
1TRZ.pdb           ,A                  ,17                 ,179.91655151167    ,1.00               ,-64.6283323747804  ,1.00               ,-20.1741459791235  ,1.00               ,-69.6180724326385  ,1.00               ,-158.233507515274  ,1.00               ,82.8498210409955   ,1.00               ,176.456853135868   ,1.00               
1TRZ.pdb           ,B                  ,13                 ,179.111790621588   ,1.00               ,-62.1952735843383  ,1.00               ,-36.075228649532   ,1.00               ,-151.806398725434  ,1.00               ,50.2105678942559   ,1.00               ,46.0463888969087   ,1.00               ,-179.46213149379   ,1.00               
1TRZ.pdb           ,B                  ,21                 ,-177.197533564308  ,1.00               ,-65.1354228175141  ,1.00               ,-16.5475176581805  ,1.00               ,-73.6606767564195  ,1.00               ,158.477107406873   ,1.00               ,-70.8403759293274  ,1.00               ,179.425991434758   ,1.00               
1TRZ.pdb           ,C                  ,4                  ,179.558256296982   ,1.00               ,-62.3247448050987  ,1.00               ,-41.1928428477884  ,1.00               ,-67.9398586641747  ,1.00               ,70.2558827349483   ,1.00               ,78.2452981833185   ,1.00               ,-177.706392526439  ,1.00               
1TRZ.pdb           ,C                  ,17                 ,178.157155054414   ,1.00               ,-60.7879454133839  ,1.00               ,-20.7011173764878  ,1.00               ,-97.4318828214145  ,1.00               ,-168.532813385255  ,1.00               ,-37.7736411891087  ,1.00               ,177.636203153037   ,1.00               
1TRZ.pdb           ,D                  ,13                 ,178.092761166751   ,1.00               ,-64.6074322978723  ,1.00               ,-34.1252636280354  ,1.00               ,-61.4178631481195  ,1.00               ,-148.501853650781  ,1.00               ,-23.4850560072667  ,1.00               ,-177.375348691838  ,1.00               
1TRZ.pdb           ,D                  ,21                 ,179.817346487689   ,1.00               ,-53.1581186055897  ,1.00               ,-32.5062614453201  ,1.00               ,-100.043798317757  ,1.00               ,-100.043798317757  ,1.00               ,-100.043798317757  ,1.00               ,-178.512167541931  ,1.00               
1B17.pdb           ,A                  ,4                  ,179.292078006308   ,1.00               ,-66.0753847485399  ,1.00               ,-40.8424062943346  ,1.00               ,-68.6813912696678  ,1.00               ,66.6011319082389   ,1.00               ,44.3373799355838   ,1.00               ,-179.030019242883  ,1.00               
1B17.pdb           ,A                  ,17                 ,-179.612035272039  ,1.00               ,-64.4830020940137  ,1.00               ,-16.8735139416948  ,1.00               ,-72.3770047487667  ,1.00               ,-159.960002455295  ,1.00               ,-40.6107517088312  ,1.00               ,177.758971728793   ,1.00               
1B17.pdb           ,B                  ,13                 ,179.428847790479   ,1.00               ,-69.3888243155798  ,1.00               ,-35.2576232162844  ,1.00               ,-68.4038932071068  ,1.00               ,-164.137917194458  ,1.00               ,-27.9880728308257  ,1.00               ,178.621995410841   ,1.00               
1B17.pdb           ,B                  ,21                 ,-178.803092900346  ,1.00               ,-67.3787457972605  ,1.00               ,-11.9601287655382  ,1.00               ,-58.2568867128027  ,1.00               ,-47.2882732233243  ,1.00               ,-33.1686094979416  ,1.00               ,178.396058919206   ,1.00               
1BZV.pdb           ,A                  ,4                  ,-168.332382069571  ,1                  ,-48.6394353061511  ,1                  ,-37.7887644813395  ,1                  ,-170.817615879533  ,1                  ,-177.522119524616  ,1                  ,33.9329586568452   ,1                  ,-179.986016699234  ,1                  
1BZV.pdb           ,A                  ,17                 ,173.092297953011   ,1                  ,-80.6263504589875  ,1                  ,-1.59983947291179  ,1                  ,-68.8624160830944  ,1                  ,170.57977694325    ,1                  ,-61.3645791746149  ,1                  ,164.137578434774   ,1                  
1BZV.pdb           ,B                  ,13                 ,177.419340273718   ,1                  ,-78.1544542343031  ,1                  ,-41.6916803007026  ,1                  ,-47.5196789235298  ,1                  ,-47.1021148954038  ,1                  ,-89.9009897666528  ,1                  ,174.275420417718   ,1                  
1BZV.pdb           ,B                  ,21                 ,-162.756248888058  ,1                  ,-100.804749966574  ,1                  ,-52.7627250095464  ,1                  ,-124.399659089004  ,1                  ,73.7283999871654   ,1                  ,-73.0576150140947  ,1                  ,-167.396263775284  ,1                  
1B18.pdb           ,A                  ,4                  ,179.167631479886   ,1.00               ,-67.8868730882783  ,1.00               ,-40.5024179667191  ,1.00               ,-70.7994405500729  ,1.00               ,67.4104538970099   ,1.00               ,45.017013128296    ,1.00               ,-179.040541285463  ,1.00               
1B18.pdb           ,A                  ,17                 ,-179.605677652555  ,1.00               ,-63.6377407940501  ,1.00               ,-15.6803117453978  ,1.00               ,-74.61607339832    ,1.00               ,-160.78756546611   ,1.00               ,-34.8367243649436  ,1.00               ,177.748007466488   ,1.00               
1B18.pdb           ,B                  ,13                 ,178.921518679614   ,1.00               ,-69.5060800348666  ,1.00               ,-35.7052351283181  ,1.00               ,-67.7656782919447  ,1.00               ,-163.716874350764  ,1.00               ,-23.7143510551618  ,1.00               ,178.556288289889   ,1.00               
1B18.pdb           ,B                  ,21                 ,-178.904158034897  ,1.00               ,-68.4538216858108  ,1.00               ,-7.46168907369471  ,1.00               ,-54.8972826253855  ,1.00               ,-42.9752125049988  ,1.00               ,-52.6286293697971  ,1.00               ,178.221330225966   ,1.00               
1DEI.pdb           ,A                  ,4                  ,-179.658390361773  ,1.0                ,-63.5343407393762  ,1.0                ,-39.7911915415811  ,1.0                ,177.707741039325   ,1.0                ,168.127837181702   ,1.0                ,48.7086534093537   ,1.0                ,-172.222916521732  ,1.0                
1DEI.pdb           ,A                  ,17                 ,-179.209384431107  ,1.0                ,-61.3238586861352  ,1.0                ,-26.926130590231   ,1.0                ,-74.7234914060951  ,1.0                ,-177.830094634631  ,1.0                ,-35.2477873879804  ,1.0                ,-179.725185074062  ,1.0                
1DEI.pdb           ,B                  ,13                 ,178.436927395389   ,1.0                ,-64.2176334932221  ,1.0                ,-41.2805300876975  ,1.0                ,-67.2111322695437  ,1.0                ,159.913671842819   ,1.0                ,-3.99147955837094  ,1.0                ,-179.724262846988  ,1.0                
1DEI.pdb           ,B                  ,21                 ,-179.216885596948  ,0.4                ,-90.0976983432879  ,0.4                ,114.174367898346   ,0.4                ,-152.773109495144  ,0.4                ,148.014132104452   ,0.4                ,-42.6413332778174  ,0.4                ,178.690155914708   ,0.4                
1DEI.pdb           ,C                  ,4                  ,179.434195611492   ,1.0                ,-66.1839334420212  ,1.0                ,-43.9808729553794  ,1.0                ,-68.1973107525763  ,1.0                ,74.81251954812     ,1.0                ,19.8319007609099   ,1.0                ,-179.911338501329  ,1.0                
1DEI.pdb           ,C                  ,17                 ,177.114138322247   ,1.0                ,-55.3367139502875  ,1.0                ,-31.8503127916871  ,1.0                ,-82.1027520547067  ,1.0                ,170.342690757435   ,1.0                ,2.32943897718261   ,1.0                ,177.545788813506   ,1.0                
1DEI.pdb           ,D                  ,13                 ,177.600832844981   ,1.0                ,-61.8391997327465  ,1.0                ,-36.8719897451939  ,1.0                ,-71.9111727389583  ,1.0                ,160.102213902106   ,1.0                ,1.53802045859997   ,1.0                ,179.336423694022   ,1.0                
1DEI.pdb           ,D                  ,21                 ,-172.443911405093  ,0.6                ,59.4440486695496   ,0.6                ,51.6316358028727   ,0.6                ,-80.6216318584173  ,0.6                ,179.95981718822    ,0.6                ,79.6811973858958   ,0.6                ,-179.890745118174  ,0.6                
1B19.pdb           ,A                  ,4                  ,178.986849952156   ,1.0                ,-68.8228452042292  ,1.0                ,-38.413016515004   ,1.0                ,-71.0965139534297  ,1.0                ,72.1573252901384   ,1.0                ,37.0377722258869   ,1.0                ,-179.21693076358   ,1.0                
1B19.pdb           ,A                  ,17                 ,-179.700198913845  ,1.0                ,-64.201469469204   ,1.0                ,-17.3391629024428  ,1.0                ,-72.9695707094879  ,1.0                ,-159.927318920806  ,1.0                ,-37.7713069935938  ,1.0                ,177.47909918356    ,1.0                
1B19.pdb           ,B                  ,13                 ,179.251045692371   ,1.0                ,-69.2467429430405  ,1.0                ,-35.3887820398328  ,1.0                ,-77.6356738399009  ,1.0                ,-177.88129090089   ,1.0                ,13.6690791273478   ,1.0                ,178.966197683585   ,1.0                
1B19.pdb           ,B                  ,21                 ,-178.83256442019   ,1.0                ,-72.6894453632407  ,1.0                ,-8.23546285359944  ,1.0                ,-60.721359965766   ,1.0                ,-36.7486549024335  ,1.0                ,-70.0922544586368  ,1.0                ,177.706812063145   ,1.0                
1GUJ.pdb           ,A                  ,4                  ,178.085770020906   ,1.0                ,-62.3007277943006  ,1.0                ,-34.1233440013685  ,1.0                ,-66.9475007437719  ,1.0                ,-82.0159098156222  ,1.0                ,-6.84638219312158  ,1.0                ,-178.053809147234  ,1.0                
1GUJ.pdb           ,A                  ,17                 ,-177.289632010824  ,1.0                ,-63.5175752203352  ,1.0                ,-28.3997510834602  ,1.0                ,-70.3991112871447  ,1.0                ,-176.814023282685  ,1.0                ,-1.51400668913772  ,1.0                ,-179.284429557356  ,1.0                
1GUJ.pdb           ,B                  ,13                 ,179.45213698129    ,1.0                ,-64.6852218613988  ,1.0                ,-37.69645669568    ,1.0                ,-69.2010288157998  ,1.0                ,-178.676883659526  ,0.0                ,-10.5560415543702  ,0.0                ,177.347215758412   ,0.0                
1GUJ.pdb           ,B                  ,21                 ,-177.57195045968   ,1.0                ,-68.4964022981598  ,1.0                ,-8.24724281310527  ,1.0                ,-70.1314768855293  ,1.0                ,-72.2851542172288  ,1.0                ,-18.5014916492289  ,1.0                ,175.126906292963   ,1.0                
1GUJ.pdb           ,C                  ,4                  ,-179.998094618604  ,1.0                ,-66.7719440932714  ,1.0                ,-41.3628614870144  ,1.0                ,-176.462853992796  ,1.0                ,-85.1702057366526  ,1.0                ,-34.3519358302766  ,1.0                ,-174.787350524884  ,1.0                
1GUJ.pdb           ,C                  ,17                 ,-176.670595585162  ,1.0                ,-68.4430682320129  ,1.0                ,-28.4086663095896  ,1.0                ,-76.9232451586385  ,1.0                ,-179.53196522662   ,1.0                ,-3.23211836126988  ,1.0                ,178.022370269289   ,1.0                
1GUJ.pdb           ,D                  ,13                 ,179.644690410152   ,1.0                ,-70.4377993210287  ,1.0                ,-34.1845131799101  ,1.0                ,-70.6020594627055  ,1.0                ,-64.1773074096257  ,1.0                ,-16.8158790657815  ,1.0                ,177.172009064531   ,1.0                
1GUJ.pdb           ,D                  ,21                 ,-176.516557143827  ,1.0                ,-69.0365594544124  ,1.0                ,-8.4602006095617   ,1.0                ,-56.089548454101   ,1.0                ,-173.39461489847   ,1.0                ,-12.5600596729723  ,0.0                ,175.959623719482   ,0.0                
1B2A.pdb           ,A                  ,4                  ,179.789507636846   ,1.00               ,-67.5642994611404  ,1.00               ,-38.8537231020433  ,1.00               ,-70.3313224992718  ,1.00               ,66.5620974676233   ,1.00               ,45.2615998293531   ,1.00               ,-179.317651031984  ,1.00               
1B2A.pdb           ,A                  ,17                 ,-179.944190178255  ,1.00               ,-63.6745796398634  ,1.00               ,-15.7688537443814  ,1.00               ,-72.8175061813626  ,1.00               ,-159.571980806033  ,1.00               ,-38.1544798950745  ,1.00               ,177.246469923483   ,1.00               
1B2A.pdb           ,B                  ,13A                ,178.756042813438   ,0.52               ,-65.8572236725248  ,0.52               ,-40.1618298020279  ,0.52               ,-100.144679469831  ,0.52               ,168.720576626286   ,0.52               ,26.0765852280031   ,0.52               ,179.355574291947   ,0.52               
1B2A.pdb           ,B                  ,13B                ,178.756042813438   ,0.48               ,-65.8572236725248  ,0.48               ,-40.1618298020279  ,0.48               ,162.982887473576   ,0.48               ,175.785564767015   ,0.48               ,-65.2209093520181  ,0.48               ,-65.2209093520181  ,0.48               
1B2A.pdb           ,B                  ,21                 ,-179.344799944819  ,1.00               ,-66.6866614564108  ,1.00               ,-13.9006627499507  ,1.00               ,-70.0898130420034  ,1.00               ,-51.4134761724797  ,1.00               ,-40.0723461594077  ,1.00               ,178.830086368903   ,1.00               
1HLS.pdb           ,A                  ,4                  ,179.781807843697   ,1                  ,-70.599329711094   ,1                  ,-3.39453868000432  ,1                  ,-167.548829181351  ,1                  ,118.121202556194   ,1                  ,19.6115980159142   ,1                  ,-179.793169983894  ,1                  
1HLS.pdb           ,A                  ,17                 ,179.697819309071   ,1                  ,-64.5605540737791  ,1                  ,-39.7551755488891  ,1                  ,-69.3642934912696  ,1                  ,-162.739092444694  ,1                  ,10.7062237476063   ,1                  ,179.636372211663   ,1                  
1HLS.pdb           ,B                  ,13                 ,179.647801855173   ,1                  ,-70.3378053525954  ,1                  ,-18.7798756000372  ,1                  ,-78.8997756186339  ,1                  ,-102.900209476737  ,1                  ,31.1611604093558   ,1                  ,179.421658507746   ,1                  
1HLS.pdb           ,B                  ,21                 ,179.890189211632   ,1                  ,-59.8422404434253  ,1                  ,-26.0501617470911  ,1                  ,-95.3962132727378  ,1                  ,-102.164568899534  ,1                  ,3.50666615571991   ,1                  ,179.959295845364   ,1                  
1B2B.pdb           ,A                  ,4                  ,179.351535337102   ,1.00               ,-66.7998818868091  ,1.00               ,-40.2363676174893  ,1.00               ,-71.9919108556544  ,1.00               ,69.3159196238413   ,1.00               ,36.4455871729151   ,1.00               ,-179.301026670247  ,1.00               
1B2B.pdb           ,A                  ,17                 ,179.830386053999   ,1.00               ,-65.3686617210728  ,1.00               ,-15.8249769739633  ,1.00               ,-79.8290703187296  ,1.00               ,-163.502469928958  ,1.00               ,-31.0193210672764  ,1.00               ,177.357886519461   ,1.00               
1B2B.pdb           ,B                  ,13A                ,179.211534531254   ,0.47               ,-67.9948560415196  ,0.47               ,-37.2708274659381  ,0.47               ,-68.0677752282818  ,0.47               ,-170.903050152105  ,0.47               ,-52.7459417881578  ,0.47               ,178.465438700892   ,0.47               
1B2B.pdb           ,B                  ,13B                ,179.211534531254   ,0.53               ,-67.9948560415196  ,0.53               ,-37.2708274659381  ,0.53               ,162.97845242754    ,0.53               ,177.393276411258   ,0.53               ,-54.9048849532217  ,0.53               ,-54.9048849532217  ,0.53               
1B2B.pdb           ,B                  ,21                 ,-179.094919224633  ,1.00               ,-70.6534869706165  ,1.00               ,-9.12249237560535  ,1.00               ,-61.8367683027149  ,1.00               ,-47.1744450185379  ,1.00               ,-56.5309014476148  ,1.00               ,177.568808507958   ,1.00               
1HUI.pdb           ,A                  ,4                  ,179.917665101923   ,1                  ,-85.5440664830018  ,1                  ,-25.7249527529792  ,1                  ,-123.547104290183  ,1                  ,161.085779705354   ,1                  ,84.6818570148418   ,1                  ,-179.7546515196    ,1                  
1HUI.pdb           ,A                  ,17                 ,179.948578959126   ,1                  ,-84.6613562860956  ,1                  ,14.6866220684202   ,1                  ,69.8968206952024   ,1                  ,169.767867905583   ,1                  ,-68.4407093682626  ,1                  ,179.104898366637   ,1                  
1HUI.pdb           ,B                  ,1                  ,179.104898366637   ,1                  ,179.104898366637   ,1                  ,164.37125953516    ,1                  ,-120.101975906541  ,1                  ,140.061850728391   ,1                  ,84.7777398634724   ,1                  ,-179.911647508587  ,1                  
1HUI.pdb           ,B                  ,10                 ,-179.767226271829  ,1                  ,-42.6369446225448  ,1                  ,-38.0454505825194  ,1                  ,-0.58344823489767  ,1                  ,176.742442831521   ,1                  ,19.6539974429764   ,1                  ,179.807591686196   ,1                  
1HUI.pdb           ,B                  ,13                 ,-179.724183011969  ,1                  ,-74.405847570373   ,1                  ,-38.4748870941779  ,1                  ,-66.0928216439989  ,1                  ,-116.621735300467  ,1                  ,23.8705907208762   ,1                  ,179.644245983435   ,1                  
1HUI.pdb           ,B                  ,16                 ,179.032735081203   ,1                  ,-66.5042070439038  ,1                  ,-22.1603369747748  ,1                  ,-153.182085337692  ,1                  ,176.60426285668    ,1                  ,-12.5712868226486  ,1                  ,179.607530790212   ,1                  
1HUI.pdb           ,B                  ,21                 ,179.89515419286    ,1                  ,-157.220887977044  ,1                  ,-42.5337202339724  ,1                  ,-171.185553184745  ,1                  ,-178.378899158535  ,1                  ,44.7646259209463   ,1                  ,-179.739628367082  ,1                  
1HUI.pdb           ,B                  ,27                 ,-179.860465941461  ,1                  ,-138.51823007453   ,1                  ,89.8840164110528   ,1                  ,44.7547155252734   ,1                  ,179.677952344817   ,1                  ,26.9882099194401   ,1                  ,-179.987005643189  ,1                  
1B2C.pdb           ,A                  ,4                  ,179.20529930736    ,1.00               ,-66.7263125123636  ,1.00               ,-40.0339908412873  ,1.00               ,-70.6179865674484  ,1.00               ,68.7206761404302   ,1.00               ,35.430156346498    ,1.00               ,-179.043052235223  ,1.00               
1B2C.pdb           ,A                  ,17                 ,-179.482249699505  ,1.00               ,-63.4846172022303  ,1.00               ,-18.0755867934609  ,1.00               ,-75.0994528410547  ,1.00               ,-159.006519805603  ,1.00               ,-39.7905004769806  ,1.00               ,178.053945382282   ,1.00               
1B2C.pdb           ,B                  ,13A                ,178.514247454906   ,0.4                ,-64.7003633167577  ,0.4                ,-41.0756607705422  ,0.4                ,-99.409232209484   ,0.4                ,174.874827566726   ,0.4                ,18.6896657568846   ,0.4                ,179.31255102709    ,0.4                
1B2C.pdb           ,B                  ,13B                ,178.514247454906   ,0.6                ,-64.7003633167577  ,0.6                ,-41.0756607705422  ,0.6                ,168.275081423825   ,0.6                ,174.795569435779   ,0.6                ,-73.3194063266336  ,0.6                ,-73.3194063266336  ,0.6                
1B2C.pdb           ,B                  ,21                 ,-179.238388631309  ,1.00               ,-68.3970359045805  ,1.00               ,-10.335587421259   ,1.00               ,-60.5469208425332  ,1.00               ,-40.8132825613564  ,1.00               ,-56.4455755220631  ,1.00               ,177.640038350919   ,1.00               
1IZA.pdb           ,A                  ,4                  ,-177.607177673037  ,1.00               ,-68.9791031751518  ,1.00               ,-19.8815407392022  ,1.00               ,89.859979233773    ,1.00               ,-78.8392417797708  ,1.00               ,-20.8392760771258  ,1.00               ,179.453977410556   ,1.00               
1IZA.pdb           ,A                  ,17                 ,-178.533907252516  ,1.00               ,-71.6100397114506  ,1.00               ,-21.454017372933   ,1.00               ,-167.813703508522  ,1.00               ,-174.912822931252  ,1.00               ,28.1831389089251   ,1.00               ,179.166090621807   ,1.00               
1IZA.pdb           ,B                  ,21                 ,-179.596167574453  ,1.00               ,-27.5687074341431  ,1.00               ,-77.948694283902   ,1.00               ,-71.3688147900723  ,1.00               ,56.0494874291177   ,1.00               ,69.4440980871263   ,1.00               ,179.306017928932   ,1.00               
1IZA.pdb           ,C                  ,4                  ,-179.745028135714  ,1.00               ,-89.4442289505246  ,1.00               ,-18.50357245787    ,1.00               ,99.2538762800619   ,1.00               ,-66.7044785584088  ,1.00               ,89.2471830236367   ,1.00               ,177.06088117049    ,1.00               
1IZA.pdb           ,C                  ,17                 ,178.401806897749   ,1.00               ,-55.7083287989871  ,1.00               ,-5.07916444972269  ,1.00               ,-42.0563505168686  ,1.00               ,-165.366902776644  ,1.00               ,72.8539797266398   ,1.00               ,177.805935606587   ,1.00               
1IZA.pdb           ,D                  ,21                 ,-176.390394896917  ,1.00               ,-34.5237642402538  ,1.00               ,-20.2467593729918  ,1.00               ,-176.0396624334    ,1.00               ,102.289869334515   ,1.00               ,44.282007967861    ,1.00               ,-173.717049077092  ,1.00               
1B2D.pdb           ,A                  ,4                  ,179.142014214411   ,1.00               ,-65.924274767333   ,1.00               ,-41.3830756050488  ,1.00               ,-69.544493522041   ,1.00               ,63.763191694193    ,1.00               ,49.1812709371972   ,1.00               ,-179.032178895008  ,1.00               
1B2D.pdb           ,A                  ,17                 ,-179.71188772922   ,1.00               ,-65.2607828629623  ,1.00               ,-17.1722794337977  ,1.00               ,-72.3798500565237  ,1.00               ,-158.817686919223  ,1.00               ,-39.9261518585646  ,1.00               ,177.981910508805   ,1.00               
1B2D.pdb           ,B                  ,13A                ,178.777543207094   ,0.41               ,-65.1744387643697  ,0.41               ,-41.4795784371861  ,0.41               ,-63.6709722003027  ,0.41               ,-135.242925061713  ,0.41               ,-49.13534987636    ,0.41               ,179.618056347368   ,0.41               
1B2D.pdb           ,B                  ,13B                ,178.777543207094   ,0.59               ,-65.1744387643697  ,0.59               ,-41.4795784371861  ,0.59               ,165.065932729502   ,0.59               ,-179.060567475478  ,0.59               ,-59.300393757648   ,0.59               ,-59.300393757648   ,0.59               
1B2D.pdb           ,B                  ,21                 ,-179.205766321805  ,1.00               ,-67.5527773344149  ,1.00               ,-9.39028639842211  ,1.00               ,-63.3061204676848  ,1.00               ,-54.7109437722159  ,1.00               ,-23.7132722594301  ,1.00               ,178.392415706582   ,1.00               
1LPH.pdb           ,A                  ,4                  ,-179.206226817697  ,1.00               ,-55.2210733551349  ,1.00               ,-43.8628929796353  ,1.00               ,-66.4454912341355  ,1.00               ,74.9205358352594   ,1.00               ,71.4696384628684   ,1.00               ,-176.391702694642  ,1.00               
1LPH.pdb           ,A                  ,17                 ,179.100947245829   ,1.00               ,-75.651593678793   ,1.00               ,-10.4768164155183  ,1.00               ,-94.6398714289889  ,1.00               ,160.993491640103   ,1.00               ,-8.05084761339349  ,1.00               ,-179.129694400886  ,1.00               
1LPH.pdb           ,B                  ,13                 ,178.69219421183    ,1.00               ,-67.7068271789934  ,1.00               ,-38.4973770136385  ,1.00               ,-164.489717146523  ,1.00               ,72.5338065728487   ,0.50               ,51.0309215947816   ,0.50               ,175.000303664883   ,0.50               
1LPH.pdb           ,B                  ,21                 ,-179.398420932372  ,1.00               ,-28.3067354222521  ,1.00               ,-36.4408346162304  ,1.00               ,173.521249368843   ,1.00               ,96.9954529555152   ,1.00               ,6.34361695110893   ,1.00               ,-176.739107517358  ,1.00               
1LPH.pdb           ,C                  ,4                  ,179.598071934131   ,1.00               ,-65.2067633704006  ,1.00               ,-36.5581701344561  ,1.00               ,-115.690260923562  ,1.00               ,151.16317962019    ,1.00               ,-88.9810399320784  ,1.00               ,-179.286364705404  ,1.00               
1LPH.pdb           ,C                  ,17                 ,-179.117239785327  ,1.00               ,-58.8085130133856  ,1.00               ,-10.7019066494164  ,1.00               ,-159.725867878072  ,1.00               ,169.394701547947   ,1.00               ,62.1341056320733   ,1.00               ,176.962130280235   ,1.00               
1LPH.pdb           ,D                  ,13                 ,177.503568292211   ,1.00               ,-68.8156252541275  ,1.00               ,-40.3683705331163  ,1.00               ,-78.5846767190491  ,1.00               ,-168.975289252018  ,1.00               ,-72.2697732933681  ,1.00               ,178.439960127868   ,1.00               
1LPH.pdb           ,D                  ,21                 ,-179.178403892656  ,1.00               ,-83.9050590312472  ,1.00               ,-14.9467905930662  ,1.00               ,42.7796723925975   ,1.00               ,42.7796723925975   ,1.00               ,42.7796723925975   ,1.00               ,179.814971734009   ,1.00               
1B2E.pdb           ,A                  ,4                  ,179.211249991449   ,1.00               ,-66.9378130776652  ,1.00               ,-40.2853400749071  ,1.00               ,-71.9257233215889  ,1.00               ,69.4606710365697   ,1.00               ,30.796725481197    ,1.00               ,-179.107156723011  ,1.00               
1B2E.pdb           ,A                  ,17                 ,179.965052555183   ,1.00               ,-62.245537421582   ,1.00               ,-16.5682883316103  ,1.00               ,-77.6683522135774  ,1.00               ,-162.741595484911  ,1.00               ,-35.6359442708442  ,1.00               ,177.596722084531   ,1.00               
1B2E.pdb           ,B                  ,13A                ,178.60065482868    ,0.4                ,-65.7826150526709  ,0.4                ,-38.9966996692161  ,0.4                ,-72.2261512499711  ,0.4                ,-173.450800855868  ,0.4                ,-23.0354416990977  ,0.4                ,178.782582127198   ,0.4                
1B2E.pdb           ,B                  ,13B                ,178.60065482868    ,0.6                ,-65.7826150526709  ,0.6                ,-38.9966996692161  ,0.6                ,163.790015513652   ,0.6                ,175.045100711601   ,0.6                ,-66.8220001245993  ,0.6                ,-66.8220001245993  ,0.6                
1B2E.pdb           ,B                  ,21                 ,-179.504196047738  ,1.00               ,-67.1500531194748  ,1.00               ,-10.5009542350325  ,1.00               ,-68.1355267554426  ,1.00               ,-47.9612480313693  ,1.00               ,-48.1389206132405  ,1.00               ,178.031432928173   ,1.00               
1MSO.pdb           ,A                  ,4                  ,178.95564433197    ,1.00               ,-74.1186923521354  ,1.00               ,-42.7550668337722  ,1.00               ,-60.4249627055289  ,1.00               ,70.7243709532442   ,1.00               ,36.8131544174985   ,1.00               ,-179.95650277217   ,1.00               
1MSO.pdb           ,A                  ,17                 ,-178.280907331565  ,1.00               ,-57.1335616833341  ,1.00               ,-23.0833022559677  ,1.00               ,-163.127176661421  ,1.00               ,-179.562917326197  ,1.00               ,23.9179242934997   ,1.00               ,179.307028154214   ,1.00               
1MSO.pdb           ,B                  ,13                 ,172.081152526405   ,1.00               ,-60.2687059906833  ,1.00               ,-42.7605999179797  ,1.00               ,-70.3953792827254  ,1.00               ,-77.5674362298371  ,1.00               ,-17.5811643492769  ,1.00               ,179.451431001072   ,1.00               
1MSO.pdb           ,B                  ,21                 ,-177.726267396057  ,1.00               ,-64.4647525420797  ,1.00               ,-12.5262952577754  ,1.00               ,63.6261909139183   ,1.00               ,157.137716000169   ,1.00               ,-14.3386607816139  ,1.00               ,177.393044770438   ,1.00               
1MSO.pdb           ,C                  ,4                  ,179.067040654719   ,1.00               ,-67.2577731096291  ,1.00               ,-39.1680850728967  ,1.00               ,-70.712777590847   ,1.00               ,64.9096939614453   ,1.00               ,50.4180164356283   ,1.00               ,-179.312489048168  ,1.00               
1MSO.pdb           ,C                  ,17                 ,179.31776552098    ,1.00               ,-63.557740673699   ,1.00               ,-15.3154746511112  ,1.00               ,-72.1533087122     ,1.00               ,-169.192155735948  ,1.00               ,-66.2661102402734  ,1.00               ,176.835653540142   ,1.00               
1MSO.pdb           ,D                  ,13                 ,179.419667204038   ,1.00               ,-63.958262324611   ,1.00               ,-41.319120547344   ,1.00               ,-75.0596903449769  ,1.00               ,-81.7681853772164  ,1.00               ,-15.2277597197115  ,1.00               ,-179.696378420884  ,1.00               
1MSO.pdb           ,D                  ,21A                ,-177.921565237941  ,0.6                ,-55.2717433796498  ,0.6                ,-0.727466347973942 ,0.6                ,-22.6207403875695  ,0.6                ,139.060481426146   ,0.6                ,61.1261186283129   ,0.6                ,-5.38906127928189  ,0.6                
1MSO.pdb           ,D                  ,21B                ,-5.38906127928189  ,0.4                ,-3.97504792302201  ,0.4                ,-3.97504792302201  ,0.4                ,17.9264178864184   ,0.4                ,-73.10253361845    ,0.4                ,-55.5376514506312  ,0.4                ,-55.5376514506312  ,0.4                
